{
  "project_info": {
    "project_number": "211935330684",
    "project_id": "app-agendamento-142c2",
    "storage_bucket": "app-agendamento-142c2.appspot.com"
  },
  "client": [
    {
      "client_info": {
        "mobilesdk_app_id": "1:211935330684:android:fc37edaf3d9077c094e4f9",
        "android_client_info": {
          "package_name": "dev.startto.app_agendamento"
        }
      },
      "oauth_client": [
        {
          "client_id": "211935330684-jt61479etl5vsuc2ldei7f76jdl2bin3.apps.googleusercontent.com",
          "client_type": 3
        }
      ],
      "api_key": [
        {
          "current_key": "AIzaSyCgd064OdleOV-T_Q4OaaKuMvNayexiZUs"
        }
      ],
      "services": {
        "appinvite_service": {
          "other_platform_oauth_client": [
            {
              "client_id": "211935330684-jt61479etl5vsuc2ldei7f76jdl2bin3.apps.googleusercontent.com",
              "client_type": 3
            },
            {
              "client_id": "211935330684-ho79r31hsslbr0o5ql19esh0h3qju9i1.apps.googleusercontent.com",
              "client_type": 2,
              "ios_info": {
                "bundle_id": "dev.startto.appAgendamento"
              }
            }
          ]
        }
      }
    }
  ],
  "configuration_version": "1"
}